Node,Rank Effect,CVF In (Max),CVF In (Avg),CVF Out (Max),CVF Out (Avg)
A,-86,0,0,0,0
A,-85,0,0,0,0
A,-84,0,0,0,0
A,-83,0,0,0,0
A,-82,0,0,0,0
A,-81,0,0,0,0
A,-80,0,0,0,0
A,-79,0,0,0,0
A,-78,0,0,3,0
A,-77,0,0,0,0
A,-76,0,0,0,0
A,-75,0,0,18,0
A,-74,0,0,0,0
A,-73,0,0,0,0
A,-72,0,0,27,0
A,-71,0,0,0,0
A,-70,0,0,0,0
A,-69,0,0,9,0
A,-68,0,0,0,0
A,-67,0,0,0,0
A,-66,0,0,81,0
A,-65,0,0,0,0
A,-64,0,0,0,0
A,-63,0,0,30,0
A,-62,0,0,0,0
A,-61,0,0,0,0
A,-60,0,0,0,0
A,-59,0,0,3,0
A,-58,0,0,6,0
A,-57,0,0,0,18
A,-56,0,0,27,36
A,-55,0,0,12,30
A,-54,0,0,3,27
A,-53,0,0,45,30
A,-52,0,0,30,24
A,-51,0,0,3,6
A,-50,0,0,243,0
A,-49,0,0,54,3
A,-48,0,0,3,0
A,-47,0,0,309,0
A,-46,0,0,99,12
A,-45,0,0,12,9
A,-44,0,0,390,15
A,-43,0,0,264,18
A,-42,0,0,15,18
A,-41,0,0,192,45
A,-40,0,0,171,84
A,-39,0,0,12,108
A,-38,0,0,87,168
A,-37,0,0,195,231
A,-36,0,0,24,231
A,-35,0,0,189,315
A,-34,0,0,141,267
A,-33,0,0,75,213
A,-32,0,0,432,141
A,-31,0,0,240,144
A,-30,0,0,123,129
A,-29,0,0,567,126
A,-28,0,0,210,126
A,-27,0,0,198,285
A,-26,0,0,252,342
A,-25,0,0,306,417
A,-24,0,0,174,459
A,-23,0,0,177,735
A,-22,0,0,126,576
A,-21,0,0,423,363
A,-20,0,0,510,330
A,-19,0,0,570,435
A,-18,0,0,846,324
A,-17,0,0,498,303
A,-16,0,0,873,342
A,-15,0,0,762,429
A,-14,0,0,264,528
A,-13,0,0,243,570
A,-12,0,0,345,711
A,-11,0,0,411,582
A,-10,0,0,279,639
A,-9,0,0,642,642
A,-8,0,0,210,582
A,-7,0,0,267,606
A,-6,0,0,621,660
A,-5,0,0,321,537
A,-4,0,0,450,420
A,-3,0,0,213,510
A,-2,0,0,351,1467
A,-1,0,0,4554,2766
A,0,36,36,870,1062
A,1,3,3,4551,2763
A,2,3,3,348,1464
A,3,3,3,210,507
A,4,3,3,447,417
A,5,3,3,318,534
A,6,3,3,618,657
A,7,3,3,264,603
A,8,0,0,210,582
A,9,0,0,642,642
A,10,0,0,279,639
A,11,0,0,411,582
A,12,0,0,345,711
A,13,0,0,243,570
A,14,0,0,264,528
A,15,0,0,762,429
A,16,0,0,873,342
A,17,0,0,498,303
A,18,0,0,846,324
A,19,0,0,570,435
A,20,0,18,510,312
A,21,6,12,417,351
A,22,6,6,120,570
A,23,6,0,171,735
A,24,6,0,168,459
A,25,6,3,300,414
A,26,6,0,246,342
A,27,0,3,198,282
A,28,0,3,210,123
A,29,3,3,564,123
A,30,3,3,120,126
A,31,3,3,237,141
A,32,3,0,429,141
A,33,3,0,72,213
A,34,3,0,138,267
A,35,0,0,189,315
A,36,0,0,24,231
A,37,0,6,195,225
A,38,0,18,87,150
A,39,0,24,12,84
A,40,0,6,171,78
A,41,6,6,186,39
A,42,9,3,6,15
A,43,9,6,255,12
A,44,9,3,381,12
A,45,9,3,3,6
A,46,9,0,90,12
A,47,6,0,303,0
A,48,3,0,0,0
A,49,3,0,51,3
A,50,3,0,240,0
A,51,3,0,0,6
A,52,3,0,27,24
A,53,3,0,42,30
A,54,0,0,3,27
A,55,0,0,12,30
A,56,0,0,27,36
A,57,0,0,0,18
A,58,0,0,6,0
A,59,0,0,3,0
A,60,0,0,0,0
A,61,0,0,0,0
A,62,0,0,0,0
A,63,0,0,30,0
A,64,0,0,0,0
A,65,0,0,0,0
A,66,0,0,81,0
A,67,0,0,0,0
A,68,0,0,0,0
A,69,0,0,9,0
A,70,0,0,0,0
A,71,0,0,0,0
A,72,0,0,27,0
A,73,0,0,0,0
A,74,0,0,0,0
A,75,0,0,18,0
A,76,0,0,0,0
A,77,0,0,0,0
A,78,0,0,3,0
A,79,0,0,0,0
A,80,0,0,0,0
A,81,0,0,0,0
A,82,0,0,0,0
A,83,0,0,0,0
A,84,0,0,0,0
A,85,0,0,0,0
A,86,0,0,0,0
B,-86,0,0,0,0
B,-85,0,0,0,0
B,-84,0,0,0,0
B,-83,0,0,0,0
B,-82,0,0,0,0
B,-81,0,0,0,0
B,-80,0,0,0,0
B,-79,0,0,0,0
B,-78,0,0,0,0
B,-77,0,0,0,0
B,-76,0,0,0,0
B,-75,0,0,0,0
B,-74,0,0,0,0
B,-73,0,0,0,0
B,-72,0,0,0,0
B,-71,0,0,9,0
B,-70,0,0,9,0
B,-69,0,0,0,0
B,-68,0,0,6,0
B,-67,0,0,9,0
B,-66,0,0,0,0
B,-65,0,0,33,0
B,-64,0,0,33,0
B,-63,0,0,0,0
B,-62,0,0,18,0
B,-61,0,0,18,0
B,-60,0,0,0,0
B,-59,0,0,9,0
B,-58,0,0,12,0
B,-57,0,0,3,0
B,-56,0,0,9,3
B,-55,0,0,9,6
B,-54,0,0,6,18
B,-53,0,0,24,30
B,-52,0,0,3,21
B,-51,0,0,0,15
B,-50,0,0,0,18
B,-49,0,0,0,21
B,-48,0,0,3,15
B,-47,0,0,0,18
B,-46,0,0,3,15
B,-45,0,0,9,30
B,-44,0,0,6,0
B,-43,0,0,6,3
B,-42,0,0,135,3
B,-41,0,0,12,6
B,-40,0,0,3,15
B,-39,0,0,36,27
B,-38,0,0,15,36
B,-37,0,0,3,39
B,-36,0,0,150,27
B,-35,0,0,27,3
B,-34,0,0,6,6
B,-33,0,0,219,3
B,-32,0,0,96,27
B,-31,0,0,6,21
B,-30,0,0,702,24
B,-29,0,0,447,6
B,-28,0,0,27,12
B,-27,0,0,237,18
B,-26,0,0,108,36
B,-25,0,0,66,123
B,-24,0,0,249,645
B,-23,0,0,24,645
B,-22,0,0,219,357
B,-21,0,0,444,195
B,-20,0,0,81,276
B,-19,0,0,396,372
B,-18,0,0,624,405
B,-17,0,0,114,651
B,-16,0,0,6,819
B,-15,0,0,1371,615
B,-14,0,0,375,567
B,-13,0,0,822,495
B,-12,0,0,279,309
B,-11,0,0,1245,390
B,-10,0,0,858,498
B,-9,0,0,342,450
B,-8,0,0,1356,510
B,-7,0,0,867,840
B,-6,0,0,492,978
B,-5,0,0,648,873
B,-4,0,0,1191,666
B,-3,0,0,207,1314
B,-2,0,0,1485,2115
B,-1,0,0,3444,3153
B,0,24,24,0,1776
B,1,9,9,3435,3144
B,2,3,3,1482,2112
B,3,3,6,204,1308
B,4,3,3,1188,663
B,5,6,3,642,870
B,6,0,3,492,975
B,7,0,0,867,840
B,8,0,0,1356,510
B,9,3,3,339,447
B,10,0,0,858,498
B,11,0,0,1245,390
B,12,0,3,279,306
B,13,3,0,819,495
B,14,0,0,375,567
B,15,0,0,1371,615
B,16,0,0,6,819
B,17,3,3,111,648
B,18,0,0,624,405
B,19,0,0,396,372
B,20,0,0,81,276
B,21,3,3,441,192
B,22,0,6,219,351
B,23,0,3,24,642
B,24,0,3,249,642
B,25,3,0,63,123
B,26,6,3,102,33
B,27,3,3,234,15
B,28,3,3,24,9
B,29,3,0,444,6
B,30,3,0,699,24
B,31,3,6,3,15
B,32,0,3,96,24
B,33,0,3,219,0
B,34,6,3,0,3
B,35,3,3,24,0
B,36,3,3,147,24
B,37,3,3,0,36
B,38,3,9,12,27
B,39,3,12,33,15
B,40,3,9,0,6
B,41,9,6,3,0
B,42,12,3,123,0
B,43,6,3,0,0
B,44,6,0,0,0
B,45,6,12,3,18
B,46,3,9,0,6
B,47,0,6,0,12
B,48,0,3,3,12
B,49,0,3,0,18
B,50,0,3,0,15
B,51,0,0,0,15
B,52,3,0,0,21
B,53,9,0,15,30
B,54,6,0,0,18
B,55,6,0,3,6
B,56,6,0,3,3
B,57,3,0,0,0
B,58,3,0,9,0
B,59,0,0,9,0
B,60,0,0,0,0
B,61,0,0,18,0
B,62,0,0,18,0
B,63,0,0,0,0
B,64,0,0,33,0
B,65,0,0,33,0
B,66,0,0,0,0
B,67,0,0,9,0
B,68,0,0,6,0
B,69,0,0,0,0
B,70,0,0,9,0
B,71,0,0,9,0
B,72,0,0,0,0
B,73,0,0,0,0
B,74,0,0,0,0
B,75,0,0,0,0
B,76,0,0,0,0
B,77,0,0,0,0
B,78,0,0,0,0
B,79,0,0,0,0
B,80,0,0,0,0
B,81,0,0,0,0
B,82,0,0,0,0
B,83,0,0,0,0
B,84,0,0,0,0
B,85,0,0,0,0
B,86,0,0,0,0
C,-86,0,0,0,0
C,-85,0,0,0,0
C,-84,0,0,0,0
C,-83,0,0,0,0
C,-82,0,0,0,0
C,-81,0,0,0,0
C,-80,0,0,0,0
C,-79,0,0,0,0
C,-78,0,0,0,0
C,-77,0,0,0,0
C,-76,0,0,0,0
C,-75,0,0,3,0
C,-74,0,0,6,0
C,-73,0,0,0,0
C,-72,0,0,18,0
C,-71,0,0,18,0
C,-70,0,0,0,0
C,-69,0,0,9,0
C,-68,0,0,9,0
C,-67,0,0,0,0
C,-66,0,0,3,0
C,-65,0,0,6,0
C,-64,0,0,3,0
C,-63,0,0,18,0
C,-62,0,0,18,0
C,-61,0,0,0,0
C,-60,0,0,0,0
C,-59,0,0,3,0
C,-58,0,0,3,0
C,-57,0,0,0,3
C,-56,0,0,18,0
C,-55,0,0,21,3
C,-54,0,0,6,12
C,-53,0,0,9,15
C,-52,0,0,15,9
C,-51,0,0,3,9
C,-50,0,0,6,9
C,-49,0,0,15,6
C,-48,0,0,6,9
C,-47,0,0,15,21
C,-46,0,0,42,30
C,-45,0,0,21,27
C,-44,0,0,0,9
C,-43,0,0,81,21
C,-42,0,0,21,18
C,-41,0,0,6,21
C,-40,0,0,315,6
C,-39,0,0,33,9
C,-38,0,0,12,6
C,-37,0,0,57,18
C,-36,0,0,189,12
C,-35,0,0,3,33
C,-34,0,0,252,45
C,-33,0,0,258,21
C,-32,0,0,6,60
C,-31,0,0,138,48
C,-30,0,0,195,45
C,-29,0,0,30,75
C,-28,0,0,573,141
C,-27,0,0,168,195
C,-26,0,0,48,207
C,-25,0,0,33,291
C,-24,0,0,909,159
C,-23,0,0,237,87
C,-22,0,0,129,111
C,-21,0,0,534,177
C,-20,0,0,33,327
C,-19,0,0,102,453
C,-18,0,0,471,414
C,-17,0,0,165,423
C,-16,0,0,288,447
C,-15,0,0,603,582
C,-14,0,0,207,654
C,-13,0,0,159,702
C,-12,0,0,459,744
C,-11,0,0,882,780
C,-10,0,0,723,852
C,-9,0,0,231,654
C,-8,0,0,807,636
C,-7,0,0,909,432
C,-6,0,0,135,549
C,-5,0,0,726,531
C,-4,0,0,1296,822
C,-3,0,0,648,1281
C,-2,0,0,1260,1809
C,-1,0,0,5028,3552
C,0,24,24,36,2118
C,1,3,3,5025,3549
C,2,3,9,1257,1800
C,3,9,9,639,1272
C,4,6,3,1290,819
C,5,6,3,720,528
C,6,0,3,135,546
C,7,0,0,909,432
C,8,0,0,807,636
C,9,3,3,228,651
C,10,0,0,723,852
C,11,0,0,882,780
C,12,0,0,459,744
C,13,3,3,156,699
C,14,0,0,207,654
C,15,0,0,603,582
C,16,0,0,288,447
C,17,3,3,162,420
C,18,0,0,471,414
C,19,0,0,102,453
C,20,0,0,33,327
C,21,3,3,531,174
C,22,0,6,129,105
C,23,0,0,237,87
C,24,0,3,909,156
C,25,3,3,30,288
C,26,6,3,42,204
C,27,3,3,165,192
C,28,3,0,570,141
C,29,3,6,27,69
C,30,3,3,192,42
C,31,0,3,138,45
C,32,6,3,0,57
C,33,3,3,255,18
C,34,3,3,249,42
C,35,3,9,0,24
C,36,3,6,186,6
C,37,3,9,54,9
C,38,9,3,3,3
C,39,6,3,27,6
C,40,6,3,309,3
C,41,6,9,0,12
C,42,3,9,18,9
C,43,0,6,81,15
C,44,0,3,0,6
C,45,3,3,18,24
C,46,3,3,39,27
C,47,3,9,12,12
C,48,6,6,0,3
C,49,3,0,12,6
C,50,3,0,3,9
C,51,3,0,0,9
C,52,3,0,12,9
C,53,0,0,9,15
C,54,6,0,0,12
C,55,3,0,18,3
C,56,0,0,18,0
C,57,0,0,0,3
C,58,0,0,3,0
C,59,0,0,3,0
C,60,0,0,0,0
C,61,0,0,0,0
C,62,3,0,15,0
C,63,6,0,12,0
C,64,3,0,0,0
C,65,3,0,3,0
C,66,0,0,3,0
C,67,0,0,0,0
C,68,0,0,9,0
C,69,0,0,9,0
C,70,0,0,0,0
C,71,0,0,18,0
C,72,0,0,18,0
C,73,0,0,0,0
C,74,0,0,6,0
C,75,0,0,3,0
C,76,0,0,0,0
C,77,0,0,0,0
C,78,0,0,0,0
C,79,0,0,0,0
C,80,0,0,0,0
C,81,0,0,0,0
C,82,0,0,0,0
C,83,0,0,0,0
C,84,0,0,0,0
C,85,0,0,0,0
C,86,0,0,0,0
D,-86,0,0,0,0
D,-85,0,0,0,0
D,-84,0,0,0,0
D,-83,0,0,0,0
D,-82,0,0,0,0
D,-81,0,0,9,0
D,-80,0,0,9,0
D,-79,0,0,0,0
D,-78,0,0,3,0
D,-77,0,0,3,0
D,-76,0,0,9,0
D,-75,0,0,24,0
D,-74,0,0,18,0
D,-73,0,0,3,0
D,-72,0,0,9,0
D,-71,0,0,9,0
D,-70,0,0,9,0
D,-69,0,0,15,0
D,-68,0,0,3,0
D,-67,0,0,3,0
D,-66,0,0,12,0
D,-65,0,0,9,0
D,-64,0,0,3,0
D,-63,0,0,6,0
D,-62,0,0,6,6
D,-61,0,0,0,9
D,-60,0,0,0,18
D,-59,0,0,0,15
D,-58,0,0,3,3
D,-57,0,0,0,6
D,-56,0,0,9,0
D,-55,0,0,6,12
D,-54,0,0,0,15
D,-53,0,0,0,6
D,-52,0,0,12,9
D,-51,0,0,6,9
D,-50,0,0,12,18
D,-49,0,0,12,24
D,-48,0,0,15,15
D,-47,0,0,84,3
D,-46,0,0,108,0
D,-45,0,0,27,6
D,-44,0,0,12,9
D,-43,0,0,84,9
D,-42,0,0,72,9
D,-41,0,0,33,9
D,-40,0,0,180,21
D,-39,0,0,93,24
D,-38,0,0,93,39
D,-37,0,0,177,33
D,-36,0,0,84,48
D,-35,0,0,21,45
D,-34,0,0,444,54
D,-33,0,0,357,102
D,-32,0,0,3,60
D,-31,0,0,135,75
D,-30,0,0,486,78
D,-29,0,0,3,150
D,-28,0,0,72,228
D,-27,0,0,183,273
D,-26,0,0,48,237
D,-25,0,0,249,297
D,-24,0,0,72,306
D,-23,0,0,33,333
D,-22,0,0,186,393
D,-21,0,0,384,462
D,-20,0,0,291,384
D,-19,0,0,171,318
D,-18,0,0,213,339
D,-17,0,0,357,231
D,-16,0,0,141,231
D,-15,0,0,228,225
D,-14,0,0,354,234
D,-13,0,0,516,390
D,-12,0,0,297,438
D,-11,0,0,429,426
D,-10,0,0,1086,513
D,-9,0,0,423,681
D,-8,0,0,1125,540
D,-7,0,0,1161,624
D,-6,0,0,654,840
D,-5,0,0,954,1080
D,-4,0,0,1566,1296
D,-3,0,0,267,1548
D,-2,0,0,1131,1524
D,-1,0,0,4254,3105
D,0,24,24,186,2472
D,1,3,3,4251,3102
D,2,3,6,1128,1518
D,3,3,0,264,1548
D,4,3,12,1563,1284
D,5,9,9,945,1071
D,6,3,3,651,837
D,7,3,0,1158,624
D,8,3,0,1122,540
D,9,3,3,420,678
D,10,0,0,1086,513
D,11,0,0,429,426
D,12,0,0,297,438
D,13,3,0,513,390
D,14,0,3,354,231
D,15,0,0,228,225
D,16,0,0,141,231
D,17,3,0,354,231
D,18,0,3,213,336
D,19,0,0,171,318
D,20,0,0,291,384
D,21,3,0,381,462
D,22,0,3,186,390
D,23,0,6,33,327
D,24,0,3,72,303
D,25,3,3,246,294
D,26,6,3,42,234
D,27,3,6,180,267
D,28,3,3,69,225
D,29,3,3,0,147
D,30,6,3,480,75
D,31,3,3,132,72
D,32,3,9,0,51
D,33,3,9,354,93
D,34,3,3,441,51
D,35,9,3,12,42
D,36,6,0,78,48
D,37,6,3,171,30
D,38,3,6,90,33
D,39,0,6,93,18
D,40,0,6,180,15
D,41,3,6,30,3
D,42,3,3,69,6
D,43,6,0,78,9
D,44,3,9,9,0
D,45,6,0,21,6
D,46,6,0,102,0
D,47,3,0,81,3
D,48,0,0,15,15
D,49,0,9,12,15
D,50,0,3,12,15
D,51,0,0,6,9
D,52,0,3,12,6
D,53,0,0,0,6
D,54,0,0,0,15
D,55,0,0,6,12
D,56,6,0,3,0
D,57,0,3,0,3
D,58,3,3,0,0
D,59,0,0,0,15
D,60,0,0,0,18
D,61,0,0,0,9
D,62,3,0,3,6
D,63,6,0,0,0
D,64,3,0,0,0
D,65,0,0,9,0
D,66,3,0,9,0
D,67,3,0,0,0
D,68,0,0,3,0
D,69,0,0,15,0
D,70,0,0,9,0
D,71,3,0,6,0
D,72,0,0,9,0
D,73,0,0,3,0
D,74,0,0,18,0
D,75,0,0,24,0
D,76,0,0,9,0
D,77,0,0,3,0
D,78,0,0,3,0
D,79,0,0,0,0
D,80,0,0,9,0
D,81,0,0,9,0
D,82,0,0,0,0
D,83,0,0,0,0
D,84,0,0,0,0
D,85,0,0,0,0
D,86,0,0,0,0
E,-86,0,0,0,0
E,-85,0,0,0,0
E,-84,0,0,0,0
E,-83,0,0,0,0
E,-82,0,0,3,0
E,-81,0,0,6,0
E,-80,0,0,3,0
E,-79,0,0,9,0
E,-78,0,0,15,0
E,-77,0,0,9,0
E,-76,0,0,9,0
E,-75,0,0,12,0
E,-74,0,0,9,0
E,-73,0,0,12,0
E,-72,0,0,36,0
E,-71,0,0,24,0
E,-70,0,0,0,0
E,-69,0,0,12,0
E,-68,0,0,6,0
E,-67,0,0,0,0
E,-66,0,0,0,0
E,-65,0,0,0,0
E,-64,0,0,3,0
E,-63,0,0,18,0
E,-62,0,0,9,3
E,-61,0,0,0,6
E,-60,0,0,0,9
E,-59,0,0,9,6
E,-58,0,0,9,9
E,-57,0,0,0,30
E,-56,0,0,6,27
E,-55,0,0,6,18
E,-54,0,0,6,9
E,-53,0,0,15,21
E,-52,0,0,9,12
E,-51,0,0,36,27
E,-50,0,0,27,9
E,-49,0,0,30,0
E,-48,0,0,12,3
E,-47,0,0,102,9
E,-46,0,0,99,6
E,-45,0,0,33,3
E,-44,0,0,60,6
E,-43,0,0,60,12
E,-42,0,0,51,15
E,-41,0,0,96,12
E,-40,0,0,246,24
E,-39,0,0,99,15
E,-38,0,0,39,18
E,-37,0,0,177,33
E,-36,0,0,207,36
E,-35,0,0,36,45
E,-34,0,0,147,81
E,-33,0,0,264,75
E,-32,0,0,30,99
E,-31,0,0,168,183
E,-30,0,0,216,123
E,-29,0,0,90,132
E,-28,0,0,285,141
E,-27,0,0,264,240
E,-26,0,0,27,309
E,-25,0,0,207,300
E,-24,0,0,273,300
E,-23,0,0,75,429
E,-22,0,0,174,582
E,-21,0,0,291,540
E,-20,0,0,12,483
E,-19,0,0,432,456
E,-18,0,0,447,402
E,-17,0,0,219,270
E,-16,0,0,159,222
E,-15,0,0,186,231
E,-14,0,0,264,258
E,-13,0,0,210,228
E,-12,0,0,279,222
E,-11,0,0,567,201
E,-10,0,0,987,216
E,-9,0,0,285,309
E,-8,0,0,843,369
E,-7,0,0,864,384
E,-6,0,0,168,540
E,-5,0,0,1575,615
E,-4,0,0,1632,747
E,-3,0,0,126,1461
E,-2,0,0,1137,1938
E,-1,0,0,5064,4095
E,0,24,24,78,4134
E,1,3,3,5061,4092
E,2,3,6,1134,1932
E,3,3,3,123,1458
E,4,3,3,1629,744
E,5,3,0,1572,615
E,6,0,9,168,531
E,7,6,6,858,378
E,8,3,3,840,366
E,9,3,6,282,303
E,10,3,0,984,216
E,11,3,0,564,201
E,12,3,0,276,222
E,13,3,0,207,228
E,14,0,3,264,255
E,15,0,0,186,231
E,16,0,0,159,222
E,17,3,0,216,270
E,18,0,3,447,399
E,19,0,0,432,456
E,20,0,0,12,483
E,21,3,0,288,540
E,22,0,3,174,579
E,23,0,6,75,423
E,24,0,0,273,300
E,25,3,9,204,291
E,26,6,6,21,303
E,27,3,3,261,237
E,28,9,3,276,138
E,29,3,9,87,123
E,30,3,6,213,117
E,31,3,3,165,180
E,32,9,0,21,99
E,33,6,3,258,72
E,34,3,6,144,75
E,35,0,6,36,39
E,36,0,3,207,33
E,37,3,3,174,30
E,38,9,3,30,15
E,39,3,0,96,15
E,40,3,3,243,21
E,41,3,3,93,9
E,42,3,3,48,12
E,43,0,0,60,12
E,44,0,3,60,3
E,45,3,0,30,3
E,46,3,3,96,3
E,47,3,6,99,3
E,48,0,0,12,3
E,49,0,0,30,0
E,50,0,3,27,6
E,51,0,6,36,21
E,52,0,0,9,12
E,53,0,6,15,15
E,54,0,3,6,6
E,55,0,6,6,12
E,56,0,0,6,27
E,57,0,0,0,30
E,58,9,0,0,9
E,59,3,0,6,6
E,60,0,0,0,9
E,61,0,0,0,6
E,62,6,0,3,3
E,63,9,0,9,0
E,64,3,0,0,0
E,65,0,0,0,0
E,66,0,0,0,0
E,67,0,0,0,0
E,68,0,0,6,0
E,69,0,0,12,0
E,70,0,0,0,0
E,71,3,0,21,0
E,72,3,0,33,0
E,73,0,0,12,0
E,74,0,0,9,0
E,75,0,0,12,0
E,76,0,0,9,0
E,77,0,0,9,0
E,78,0,0,15,0
E,79,0,0,9,0
E,80,0,0,3,0
E,81,0,0,6,0
E,82,0,0,3,0
E,83,0,0,0,0
E,84,0,0,0,0
E,85,0,0,0,0
E,86,0,0,0,0
F,-86,0,0,0,0
F,-85,0,0,0,0
F,-84,0,0,0,0
F,-83,0,0,24,0
F,-82,0,0,24,0
F,-81,0,0,3,0
F,-80,0,0,3,0
F,-79,0,0,0,0
F,-78,0,0,0,0
F,-77,0,0,3,0
F,-76,0,0,30,0
F,-75,0,0,27,0
F,-74,0,0,3,0
F,-73,0,0,3,12
F,-72,0,0,15,12
F,-71,0,0,15,0
F,-70,0,0,0,0
F,-69,0,0,39,3
F,-68,0,0,9,3
F,-67,0,0,0,3
F,-66,0,0,0,3
F,-65,0,0,0,0
F,-64,0,0,3,6
F,-63,0,0,21,21
F,-62,0,0,9,9
F,-61,0,0,3,6
F,-60,0,0,18,3
F,-59,0,0,3,0
F,-58,0,0,3,0
F,-57,0,0,9,6
F,-56,0,0,39,9
F,-55,0,0,0,36
F,-54,0,0,45,51
F,-53,0,0,48,33
F,-52,0,0,0,3
F,-51,0,0,66,33
F,-50,0,0,90,30
F,-49,0,0,18,21
F,-48,0,0,30,27
F,-47,0,0,78,39
F,-46,0,0,81,33
F,-45,0,0,69,6
F,-44,0,0,78,9
F,-43,0,0,150,3
F,-42,0,0,72,21
F,-41,0,0,108,51
F,-40,0,0,57,42
F,-39,0,0,129,54
F,-38,0,0,90,39
F,-37,0,0,150,36
F,-36,0,0,135,54
F,-35,0,0,99,33
F,-34,0,0,111,60
F,-33,0,0,138,75
F,-32,0,0,54,90
F,-31,0,0,141,147
F,-30,0,0,219,168
F,-29,0,0,51,174
F,-28,0,0,279,225
F,-27,0,0,258,123
F,-26,0,0,42,177
F,-25,0,0,222,246
F,-24,0,0,231,264
F,-23,0,0,36,426
F,-22,0,0,216,363
F,-21,0,0,177,330
F,-20,0,0,126,399
F,-19,0,0,351,393
F,-18,0,0,402,447
F,-17,0,0,90,399
F,-16,0,0,186,261
F,-15,0,0,315,228
F,-14,0,0,243,204
F,-13,0,0,402,189
F,-12,0,0,168,177
F,-11,0,0,495,192
F,-10,0,0,516,255
F,-9,0,0,192,222
F,-8,0,0,1131,297
F,-7,0,0,1185,285
F,-6,0,0,117,489
F,-5,0,0,1209,612
F,-4,0,0,1662,822
F,-3,0,0,48,1320
F,-2,0,0,1500,2172
F,-1,0,0,5259,4389
F,0,24,24,0,4602
F,1,3,3,5256,4386
F,2,3,6,1497,2166
F,3,3,6,45,1314
F,4,3,0,1659,822
F,5,3,0,1206,612
F,6,0,0,117,489
F,7,0,0,1185,285
F,8,0,6,1131,291
F,9,6,6,186,216
F,10,3,3,513,252
F,11,3,6,492,186
F,12,3,3,165,174
F,13,3,3,399,186
F,14,3,3,240,201
F,15,3,0,312,228
F,16,3,0,183,261
F,17,3,0,87,399
F,18,0,0,402,447
F,19,0,3,351,390
F,20,0,0,126,399
F,21,3,0,174,330
F,22,0,0,216,363
F,23,0,3,36,423
F,24,0,12,231,252
F,25,3,6,219,240
F,26,12,3,30,174
F,27,6,9,252,114
F,28,3,3,276,222
F,29,6,0,45,174
F,30,3,9,216,159
F,31,0,6,141,141
F,32,0,0,54,90
F,33,9,3,129,72
F,34,6,3,105,57
F,35,3,0,96,33
F,36,0,3,135,51
F,37,3,3,147,33
F,38,3,0,87,39
F,39,0,3,129,51
F,40,0,3,57,39
F,41,3,3,105,48
F,42,3,0,69,21
F,43,0,0,150,3
F,44,0,3,78,6
F,45,3,0,66,6
F,46,3,3,78,30
F,47,3,0,75,39
F,48,0,3,30,24
F,49,0,6,18,15
F,50,0,6,90,24
F,51,0,9,66,24
F,52,0,3,0,0
F,53,0,3,48,30
F,54,0,0,45,51
F,55,0,3,0,33
F,56,0,3,39,6
F,57,0,0,9,6
F,58,3,0,0,0
F,59,3,0,0,0
F,60,9,0,9,3
F,61,3,0,0,6
F,62,6,0,3,9
F,63,6,0,15,21
F,64,3,0,0,6
F,65,0,0,0,0
F,66,0,0,0,3
F,67,0,0,0,3
F,68,0,0,9,3
F,69,0,0,39,3
F,70,0,0,0,0
F,71,3,0,12,0
F,72,3,0,12,12
F,73,3,0,0,12
F,74,0,0,3,0
F,75,0,0,27,0
F,76,0,0,30,0
F,77,0,0,3,0
F,78,0,0,0,0
F,79,0,0,0,0
F,80,0,0,3,0
F,81,0,0,3,0
F,82,0,0,24,0
F,83,0,0,24,0
F,84,0,0,0,0
F,85,0,0,0,0
F,86,0,0,0,0
G,-86,0,0,12,0
G,-85,0,0,12,0
G,-84,0,0,0,0
G,-83,0,0,27,0
G,-82,0,0,27,0
G,-81,0,0,0,0
G,-80,0,0,6,0
G,-79,0,0,6,0
G,-78,0,0,0,0
G,-77,0,0,3,0
G,-76,0,0,3,0
G,-75,0,0,0,0
G,-74,0,0,6,0
G,-73,0,0,21,12
G,-72,0,0,21,15
G,-71,0,0,3,12
G,-70,0,0,0,12
G,-69,0,0,33,3
G,-68,0,0,0,0
G,-67,0,0,3,0
G,-66,0,0,36,3
G,-65,0,0,15,6
G,-64,0,0,3,12
G,-63,0,0,63,18
G,-62,0,0,9,12
G,-61,0,0,3,9
G,-60,0,0,24,9
G,-59,0,0,3,9
G,-58,0,0,3,9
G,-57,0,0,6,9
G,-56,0,0,33,21
G,-55,0,0,0,18
G,-54,0,0,66,36
G,-53,0,0,81,36
G,-52,0,0,0,36
G,-51,0,0,129,21
G,-50,0,0,189,30
G,-49,0,0,0,18
G,-48,0,0,33,60
G,-47,0,0,183,51
G,-46,0,0,144,33
G,-45,0,0,33,33
G,-44,0,0,51,27
G,-43,0,0,42,36
G,-42,0,0,102,48
G,-41,0,0,57,57
G,-40,0,0,75,72
G,-39,0,0,165,96
G,-38,0,0,57,63
G,-37,0,0,108,84
G,-36,0,0,99,63
G,-35,0,0,147,66
G,-34,0,0,117,81
G,-33,0,0,159,69
G,-32,0,0,81,129
G,-31,0,0,147,195
G,-30,0,0,153,111
G,-29,0,0,42,132
G,-28,0,0,240,105
G,-27,0,0,291,105
G,-26,0,0,63,198
G,-25,0,0,177,228
G,-24,0,0,186,264
G,-23,0,0,54,366
G,-22,0,0,177,291
G,-21,0,0,330,294
G,-20,0,0,54,258
G,-19,0,0,177,219
G,-18,0,0,180,282
G,-17,0,0,210,339
G,-16,0,0,396,237
G,-15,0,0,162,237
G,-14,0,0,201,222
G,-13,0,0,333,264
G,-12,0,0,159,198
G,-11,0,0,759,165
G,-10,0,0,597,189
G,-9,0,0,90,207
G,-8,0,0,741,354
G,-7,0,0,714,321
G,-6,0,0,45,510
G,-5,0,0,1572,609
G,-4,0,0,1926,1044
G,-3,0,0,54,1227
G,-2,0,0,1500,2049
G,-1,0,0,5418,4701
G,0,24,24,48,4632
G,1,3,3,5415,4698
G,2,3,6,1497,2043
G,3,3,6,51,1221
G,4,3,0,1923,1044
G,5,3,0,1569,609
G,6,0,0,45,510
G,7,0,0,714,321
G,8,0,0,741,354
G,9,0,0,90,207
G,10,0,6,597,183
G,11,6,3,753,162
G,12,3,3,156,195
G,13,3,3,330,261
G,14,3,6,198,216
G,15,3,3,159,234
G,16,3,3,393,234
G,17,3,3,207,336
G,18,3,3,177,279
G,19,3,3,174,216
G,20,3,0,51,258
G,21,3,0,327,294
G,22,0,6,177,285
G,23,0,3,54,363
G,24,6,12,180,252
G,25,6,3,171,225
G,26,12,6,51,192
G,27,0,3,291,102
G,28,6,3,234,102
G,29,0,3,42,129
G,30,3,0,150,111
G,31,0,3,147,192
G,32,0,0,81,129
G,33,0,3,159,66
G,34,3,3,114,78
G,35,3,0,144,66
G,36,3,3,96,60
G,37,3,3,105,81
G,38,3,0,54,63
G,39,0,3,165,93
G,40,0,3,75,69
G,41,3,3,54,54
G,42,3,0,99,48
G,43,0,0,42,36
G,44,0,3,51,24
G,45,3,0,30,33
G,46,3,3,141,30
G,47,3,0,180,51
G,48,0,3,33,57
G,49,0,0,0,18
G,50,0,3,189,27
G,51,0,6,129,15
G,52,0,9,0,27
G,53,0,6,81,30
G,54,0,6,66,30
G,55,0,3,0,15
G,56,0,3,33,18
G,57,0,3,6,6
G,58,3,0,0,9
G,59,3,0,0,9
G,60,3,0,21,9
G,61,3,0,0,9
G,62,6,0,3,12
G,63,6,0,57,18
G,64,3,0,0,12
G,65,3,0,12,6
G,66,3,0,33,3
G,67,3,0,0,0
G,68,0,0,0,0
G,69,0,0,33,3
G,70,0,0,0,12
G,71,3,0,0,12
G,72,3,0,18,15
G,73,3,0,18,12
G,74,3,0,3,0
G,75,0,0,0,0
G,76,0,0,3,0
G,77,0,0,3,0
G,78,0,0,0,0
G,79,0,0,6,0
G,80,0,0,6,0
G,81,0,0,0,0
G,82,0,0,27,0
G,83,0,0,27,0
G,84,0,0,0,0
G,85,0,0,12,0
G,86,0,0,12,0
H,-86,0,0,18,0
H,-85,0,0,0,0
H,-84,0,0,0,0
H,-83,0,0,81,0
H,-82,0,0,0,0
H,-81,0,0,0,0
H,-80,0,0,3,0
H,-79,0,0,0,0
H,-78,0,0,0,0
H,-77,0,0,12,0
H,-76,0,0,0,0
H,-75,0,0,3,0
H,-74,0,0,3,0
H,-73,0,0,12,24
H,-72,0,0,3,12
H,-71,0,0,3,21
H,-70,0,0,30,6
H,-69,0,0,21,0
H,-68,0,0,0,0
H,-67,0,0,0,0
H,-66,0,0,24,3
H,-65,0,0,0,24
H,-64,0,0,0,6
H,-63,0,0,210,18
H,-62,0,0,3,3
H,-61,0,0,3,18
H,-60,0,0,3,0
H,-59,0,0,3,15
H,-58,0,0,3,3
H,-57,0,0,6,12
H,-56,0,0,42,12
H,-55,0,0,0,45
H,-54,0,0,72,30
H,-53,0,0,54,27
H,-52,0,0,0,30
H,-51,0,0,69,27
H,-50,0,0,84,48
H,-49,0,0,45,24
H,-48,0,0,123,48
H,-47,0,0,66,57
H,-46,0,0,3,84
H,-45,0,0,57,48
H,-44,0,0,327,42
H,-43,0,0,6,45
H,-42,0,0,84,72
H,-41,0,0,150,72
H,-40,0,0,27,45
H,-39,0,0,81,90
H,-38,0,0,69,84
H,-37,0,0,225,57
H,-36,0,0,114,93
H,-35,0,0,135,108
H,-34,0,0,48,84
H,-33,0,0,147,78
H,-32,0,0,6,90
H,-31,0,0,237,90
H,-30,0,0,207,129
H,-29,0,0,144,141
H,-28,0,0,180,159
H,-27,0,0,243,228
H,-26,0,0,54,279
H,-25,0,0,231,291
H,-24,0,0,174,270
H,-23,0,0,111,228
H,-22,0,0,159,219
H,-21,0,0,234,225
H,-20,0,0,93,234
H,-19,0,0,432,252
H,-18,0,0,222,318
H,-17,0,0,54,282
H,-16,0,0,237,396
H,-15,0,0,297,201
H,-14,0,0,342,153
H,-13,0,0,570,144
H,-12,0,0,57,186
H,-11,0,0,732,273
H,-10,0,0,933,216
H,-9,0,0,66,261
H,-8,0,0,966,429
H,-7,0,0,978,534
H,-6,0,0,30,669
H,-5,0,0,936,639
H,-4,0,0,1563,1077
H,-3,0,0,21,1371
H,-2,0,0,1566,2235
H,-1,0,0,5121,4428
H,0,30,30,0,3012
H,1,6,6,5115,4422
H,2,0,0,1566,2235
H,3,0,0,21,1371
H,4,0,0,1563,1077
H,5,0,0,936,639
H,6,0,0,30,669
H,7,0,0,978,534
H,8,0,0,966,429
H,9,0,0,66,261
H,10,0,0,933,216
H,11,0,0,732,273
H,12,0,6,57,180
H,13,6,3,564,141
H,14,3,3,339,150
H,15,3,3,294,198
H,16,3,3,234,393
H,17,3,3,51,279
H,18,3,3,219,315
H,19,3,3,429,249
H,20,3,6,90,228
H,21,6,6,228,219
H,22,6,9,153,210
H,23,6,15,105,213
H,24,9,15,165,255
H,25,12,6,219,285
H,26,9,3,45,276
H,27,3,3,240,225
H,28,3,0,177,159
H,29,6,3,138,138
H,30,3,3,204,126
H,31,0,0,237,90
H,32,0,3,6,87
H,33,3,3,144,75
H,34,3,0,45,84
H,35,0,0,135,108
H,36,0,3,114,90
H,37,3,3,222,54
H,38,3,3,66,81
H,39,0,3,81,87
H,40,0,0,27,45
H,41,3,3,147,69
H,42,3,0,81,72
H,43,0,0,6,45
H,44,0,3,327,39
H,45,3,0,54,48
H,46,3,0,0,84
H,47,3,3,63,54
H,48,0,3,123,45
H,49,0,0,45,24
H,50,0,3,84,45
H,51,0,3,69,24
H,52,0,3,0,27
H,53,0,0,54,27
H,54,0,3,72,27
H,55,0,3,0,42
H,56,0,3,42,9
H,57,0,3,6,9
H,58,3,3,0,0
H,59,3,0,0,15
H,60,3,0,0,0
H,61,3,0,0,18
H,62,3,0,0,3
H,63,3,0,207,18
H,64,0,0,0,6
H,65,0,0,0,24
H,66,0,0,24,3
H,67,0,0,0,0
H,68,0,0,0,0
H,69,0,0,21,0
H,70,0,0,30,6
H,71,3,0,0,21
H,72,3,0,0,12
H,73,3,0,9,24
H,74,3,0,0,0
H,75,3,0,0,0
H,76,0,0,0,0
H,77,0,0,12,0
H,78,0,0,0,0
H,79,0,0,0,0
H,80,0,0,3,0
H,81,0,0,0,0
H,82,0,0,0,0
H,83,0,0,81,0
H,84,0,0,0,0
H,85,0,0,0,0
H,86,0,0,18,0
I,-86,0,0,0,0
I,-85,0,0,0,0
I,-84,0,0,0,0
I,-83,0,0,0,0
I,-82,0,0,0,0
I,-81,0,0,0,0
I,-80,0,0,0,0
I,-79,0,0,0,0
I,-78,0,0,0,0
I,-77,0,0,0,0
I,-76,0,0,0,0
I,-75,0,0,0,0
I,-74,0,0,0,0
I,-73,0,0,0,0
I,-72,0,0,0,0
I,-71,0,0,0,0
I,-70,0,0,12,0
I,-69,0,0,0,0
I,-68,0,0,0,0
I,-67,0,0,12,0
I,-66,0,0,0,0
I,-65,0,0,0,0
I,-64,0,0,318,6
I,-63,0,0,0,0
I,-62,0,0,0,6
I,-61,0,0,0,0
I,-60,0,0,12,6
I,-59,0,0,0,0
I,-58,0,0,3,12
I,-57,0,0,30,0
I,-56,0,0,0,18
I,-55,0,0,39,6
I,-54,0,0,45,12
I,-53,0,0,0,24
I,-52,0,0,117,18
I,-51,0,0,288,15
I,-50,0,0,0,24
I,-49,0,0,117,63
I,-48,0,0,99,102
I,-47,0,0,9,96
I,-46,0,0,237,57
I,-45,0,0,108,60
I,-44,0,0,12,66
I,-43,0,0,78,69
I,-42,0,0,150,54
I,-41,0,0,84,108
I,-40,0,0,93,132
I,-39,0,0,156,114
I,-38,0,0,57,132
I,-37,0,0,75,87
I,-36,0,0,165,135
I,-35,0,0,261,96
I,-34,0,0,18,135
I,-33,0,0,198,144
I,-32,0,0,237,132
I,-31,0,0,48,156
I,-30,0,0,123,171
I,-29,0,0,156,222
I,-28,0,0,111,186
I,-27,0,0,54,183
I,-26,0,0,114,147
I,-25,0,0,120,180
I,-24,0,0,117,180
I,-23,0,0,222,144
I,-22,0,0,219,150
I,-21,0,0,66,198
I,-20,0,0,99,117
I,-19,0,0,447,147
I,-18,0,0,33,198
I,-17,0,0,27,162
I,-16,0,0,1068,198
I,-15,0,0,147,330
I,-14,0,0,15,240
I,-13,0,0,1995,285
I,-12,0,0,201,381
I,-11,0,0,102,468
I,-10,0,0,1173,630
I,-9,0,0,222,810
I,-8,0,0,84,687
I,-7,0,0,906,708
I,-6,0,0,405,852
I,-5,0,0,153,756
I,-4,0,0,1230,960
I,-3,0,0,1668,1056
I,-2,0,0,72,1941
I,-1,0,0,3834,3099
I,0,102,102,2742,3522
I,1,6,6,3828,3093
I,2,0,0,72,1941
I,3,0,0,1668,1056
I,4,0,0,1230,960
I,5,0,0,153,756
I,6,0,0,405,852
I,7,6,6,900,702
I,8,6,6,78,681
I,9,6,6,216,804
I,10,6,6,1167,624
I,11,6,12,96,456
I,12,6,6,195,375
I,13,6,0,1989,285
I,14,0,0,15,240
I,15,0,0,147,330
I,16,0,0,1068,198
I,17,0,0,27,162
I,18,0,0,33,198
I,19,0,0,447,147
I,20,0,0,99,117
I,21,0,0,66,198
I,22,0,0,219,150
I,23,0,0,222,144
I,24,0,0,117,180
I,25,0,6,120,174
I,26,0,0,114,147
I,27,6,0,48,183
I,28,0,6,111,180
I,29,0,0,156,222
I,30,0,0,123,171
I,31,6,6,42,150
I,32,0,0,237,132
I,33,0,0,198,144
I,34,0,6,18,129
I,35,6,0,255,96
I,36,0,0,165,135
I,37,0,0,75,87
I,38,0,6,57,126
I,39,6,0,150,114
I,40,0,6,93,126
I,41,0,0,84,108
I,42,0,0,150,54
I,43,6,0,72,69
I,44,0,0,12,66
I,45,0,0,108,60
I,46,0,0,237,57
I,47,6,0,3,96
I,48,0,0,99,102
I,49,0,0,117,63
I,50,0,0,0,24
I,51,0,0,288,15
I,52,0,0,117,18
I,53,0,0,0,24
I,54,0,0,45,12
I,55,0,0,39,6
I,56,0,0,0,18
I,57,0,0,30,0
I,58,0,0,3,12
I,59,0,0,0,0
I,60,0,0,12,6
I,61,0,0,0,0
I,62,0,0,0,6
I,63,0,0,0,0
I,64,0,0,318,6
I,65,0,0,0,0
I,66,0,0,0,0
I,67,0,0,12,0
I,68,0,0,0,0
I,69,0,0,0,0
I,70,0,0,12,0
I,71,0,0,0,0
I,72,0,0,0,0
I,73,0,0,0,0
I,74,0,0,0,0
I,75,0,0,0,0
I,76,0,0,0,0
I,77,0,0,0,0
I,78,0,0,0,0
I,79,0,0,0,0
I,80,0,0,0,0
I,81,0,0,0,0
I,82,0,0,0,0
I,83,0,0,0,0
I,84,0,0,0,0
I,85,0,0,0,0
I,86,0,0,0,0
